Chapter,civilisation,moral
Introduction,2,0
Preface,0,0
Prologue,0,0
Prologue to Part Two,0,0
Epilogue,0,0
Part One: Bases,1,3
Chapter One: The Chinese People,11,8
Chapter Two: The Chinese Character,4,4
Chapter Three: The Chinese Mind,1,3
Chapter Four: Ideals of Life,3,3
Part Two: Life,0,0
Chapter Five: Woman's Life,2,5
Chapter Six: Social and Political Life,0,9
Chapter Seven: Literary Life,1,2
Chapter Eight: The Artistic Life,1,4
Chapter Nine: The Art of Living,7,0
Appendix,2,3
